user_id,first_name,last_name,email,contact,gender,age,birthdate,lastlogin,registration_date
1001, John       , Smith       , john.smith@example.com           , +91 9876543210  , Female   ,39,3/15/1985,9/25/2023 14:20,2/10/2017
1002, Sarah      , Johnson     , sarah.johnson@example.com         , +91 8765432109  , Female ,33,7/22/1990,9/24/2023 11:45,11/5/2017
1003, Raj        , Kapoor      , raj.kapoor@example.com           , +91 7654321098  , Female   ,31,11/10/1992,9/29/2023 18:30,5/18/2017
1004, Priya      , Sharma      , priya.sharma@example.com         , +91 6543210987  , Female ,35,9/30/1988,9/23/2023 14:15,6/20/2018
1005, Anil       , Verma       , anil.verma@example.com           , +91 9876543211  , Male   ,36,12/8/1987,9/30/2023 11:10,2/15/2016
1006, Neha       , Gupta       , neha.gupta@example.com           , +91 8765432110  , Female ,28,4/27/1995,8/24/2023 20:05,10/14/2018
1007, Aryan      , Singh       , aryan.singh@example.com           , +91 7654321099  , Male   ,34,8/18/1989,9/21/2023 11:30,3/2/2017
1008, Kavita     , Patel       , kavita.patel@example.com         , +91 6543210988  , Female ,30,6/14/1993,9/23/2023 20:40,9/8/2016
1009, Sameer     , Reddy       , sameer.reddy@example.com         , +91 9876543212  , Male   ,33,2/5/1991,7/25/2023 12:55,12/30/2017
1010, Priyanka   , Das         , priyanka.das@example.com         , +91 8765432111  , Female ,29,10/12/1994,9/24/2023 19:20,8/7/2016
1011, Ramesh     , Desai       , ramesh.desai@example.com         , +91 7654321100  , Male   ,37,6/3/1986,9/16/2023 14:45,4/17/2017
1012, Meena      , Yadav       , meena.yadav@example.com          , +91 6543210989  , Female ,27,3/29/1997,6/25/2023 22:35,1/22/2016
1013, Karan      , Saini       , karan.saini@example.com          , +91 9876543213  , Female   ,33,11/15/1990,9/14/2023 19:20,12/5/2018
1014, Pooja      , Sharma      , pooja.sharma@example.com         , +91 8765432112  , Female ,35,8/25/1988,9/25/2023 16:10,8/14/2017
1015, Rahul      , Verma       , rahul.verma@example.com          , +91 7654321101  , Male   ,35,2/12/1989,9/22/2023 20:55,10/30/2017
1016, Sanya      , Gupta       , sanya.gupta@example.com          , +91 6543210990  , Female ,27,7/20/1996,5/13/2023 13:40,5/28/2017
1017, Alok       , Singh       , alok.singh@example.com           , +91 9876543214  , Male   ,31,1/8/1993,9/25/2023 19:30,9/12/2018
1018, Anjali     , Patel       , anjali.patel@example.com         , +91 8765432113  , Female ,29,9/19/1994,9/24/2023 11:15,3/10/2016
1019, Rajesh     , Reddy       , rajesh.reddy@example.com         , +91 7654321102  , Male   ,32,4/28/1991,9/24/2023 21:25,7/1/2017
1020, Nisha      , Das         , nisha.das@example.com           , +91 6543210991  , Female ,28,12/4/1995,9/25/2023 12:05,4/2/2016
1021, Sanjay     , Kumar       , sanjay.kumar@example.com         , +91 9876543215  , Male   ,31,9/14/1992,9/23/2023 17:50,8/19/2017
1022, Nandini    , Joshi       , nandini.joshi@example.com        , +91 8765432114  , Female ,27,5/8/1996,9/24/2023 20:30,2/3/2018
1023, Deepak     , Patel       , deepak.patel@example.com         , +91 7654321103  , Female   ,36,7/25/1987,9/25/2023 14:15,6/11/2017
1024, Reena      , Sharma      , reena.sharma@example.com         , +91 6543210992  , Female ,31,3/2/1993,9/22/2023 21:20,12/7/2017
1025, Akash      , Verma       , akash.verma@example.com          , +91 9876543216  , Male   ,36,1/20/1988,9/25/2023 20:45,4/15/2017
1026, Priyanka   , Gupta       , priyanka.gupta@example.com       , +91 8765432115  , Female ,28,9/11/1995,9/24/2023 18:30,11/25/2018
1027, Ashish     , Singh       , ashish.singh@example.com         , +91 7654321104  , Female   ,33,12/30/1990,9/23/2023 11:10,3/28/2017
1028, Preeti     , Patel       , preeti.patel@example.com         , +91 6543210993  , Female ,26,8/9/1997,9/25/2023 19:05,2/14/2016
1029, Rajat      , Reddy       , rajat.reddy@example.com           , +91 9876543217  , Male   ,34,4/17/1989,9/22/2023 15:40,10/22/2017
1030, Meera      , Das         , meera.das@example.com           , +91 8765432116  , Female ,29,6/22/1994,9/24/2023 12:25,6/30/2016
1031, Ravi       , Sharma      , ravi.sharma@example.com           , +91 7654321105  , Male   ,32,11/7/1991,9/22/2023 21:55,9/15/2017
1032, Seema      , Gupta       , seema.gupta@example.com           , +91 6543210994  , Female ,28,2/18/1996,9/24/2023 15:40,4/23/2018
1033, Ankit      , Singh       , ankit.singh@example.com           , +91 9876543218  , Female   ,35,5/26/1988,9/25/2023 13:20,11/29/2017
1034, Priya      , Patel       , priya.patel@example.com           , +91 8765432117  , Female ,31,10/3/1992,9/22/2023 14:10,7/6/2017
1035, Rohit      , Verma       , rohit.verma@example.com           , +91 9876543219  , Male   ,36,4/15/1987,9/24/2023 20:30,1/11/2017
1036, Aparna     , Reddy       , aparna.reddy@example.com         , +91 7654321106  , Female ,29,8/29/1994,9/25/2023 19:15,8/7/2018
1037, Vivek      , Das         , vivek.das@example.com            , +91 6543210995  , Female   ,34,3/12/1990,9/22/2023 10:50,4/16/2016
1038, Sunita     , Mehta       , sunita.mehta@example.com         , +91 9876543220  , Female ,30,7/2/1993,9/24/2023 14:45,3/5/2017
1039, Ajay       , Sharma      , ajay.sharma@example.com           , +91 8765432118  , Male   ,34,9/19/1989,9/25/2023 21:40,5/22/2017
1040, Poonam     , Gupta       , poonam.gupta@example.com         , +91 7654321107  , Female ,29,1/28/1995,9/23/2023 18:20,10/2/2017
1041, Mohan      , Patel       , mohan.patel@example.com           , +91 6543210996  , Male   ,31,12/10/1992,9/23/2023 12:15,11/9/2017
1042, Kavita     , Verma       , kavita.verma@example.com         , +91 9876543221  , Female ,28,3/25/1996,9/25/2023 13:05,5/14/2018
1043, Sanjeev    , Reddy       , sanjeev.reddy@example.com         , +91 7654321108  , Male   ,36,10/8/1987,9/24/2023 16:40,2/20/2017
1044, Jyoti      , Sharma      , jyoti.sharma@example.com         , +91 8765432119  , Female ,30,6/14/1993,9/23/2023 21:30,9/3/2017
1045, Rohan      , Das         , rohan.das@example.com            , +91 9876543222  , Male   ,36,3/21/1988,9/25/2023 7:50,6/28/2017
1046, Ananya     , Gupta       , ananya.gupta@example.com          , +91 7654321109  , Female ,28,7/4/1995,9/24/2023 13:25,3/12/2018
1047, Manish     , Singh       , manish.singh@example.com          , +91 6543210997  , Male   ,33,2/18/1991,9/22/2023 10:10,12/19/2017
1048, Sonal      , Patel       , sonal.patel@example.com           , +91 9876543223  , Female ,30,4/1/1994,9/25/2023 15:20,7/11/2016
1049, Arjun      , Reddy       , arjun.reddy@example.com           , +91 7654321110  , Male   ,34,8/27/1989,9/23/2023 20:15,1/30/2017
1050, Ritu       , Das         , ritu.das@example.com             , +91 8765432120  , Female ,27,11/9/1996,9/24/2023 19:45,7/5/2016
1051, Vikram     , Sharma      , vikram.sharma@example.com         , +91 6543210998  , Male   ,31,5/14/1992,9/22/2023 14:55,4/22/2017
1052, Shweta     , Gupta       , shweta.gupta@example.com          , +91 9876543224  , Female ,28,9/28/1995,9/25/2023 10:45,8/18/2018
1053, Akshay     , Reddy       , akshay.reddy@example.com          , +91 7654321111  , Male   ,36,11/30/1987,9/24/2023 16:20,10/15/2017
1054, Preeti     , Sharma      , preeti.sharma@example.com         , +91 8765432121  , Female ,31,4/7/1993,9/23/2023 21:15,8/26/2016
1055, Vipul      , Verma       , vipul.verma@example.com           , +91 9876543225  , Male   ,36,2/9/1988,9/25/2023 20:20,7/18/2017
1056, Simran     , Gupta       , simran.gupta@example.com          , +91 7654321112  , Female ,27,8/16/1996,9/24/2023 12:55,6/3/2018
1057, Harish     , Singh       , harish.singh@example.com          , +91 6543210999  , Male   ,34,1/25/1990,9/22/2023 11:40,3/1/2017
1058, Anu        , Patel       , anu.patel@example.com             , +91 9876543226  , Female ,30,3/10/1994,9/25/2023 14:35,1/14/2016
1059, Rohit      , Reddy       , rohit.reddy@example.com           , +91 7654321113  , Male   ,34,7/3/1989,9/23/2023 20:50,5/7/2017
1060, Neetu      , Das         , neetu.das@example.com            , +91 8765432122  , Female ,28,11/22/1995,9/24/2023 20:30,3/12/2016
1061, Sanjana    , Sharma      , sanjana.sharma@example.com       , +91 6543211000  , Female ,32,8/27/1991,9/22/2023 7:45,11/30/2017
1062, Rajesh     , Gupta       , rajesh.gupta@example.com          , +91 9876543227  , Male   ,27,12/19/1996,9/25/2023 10:15,7/25/2018
1063, Swati      , Reddy       , swati.reddy@example.com           , +91 7654321114  , Female ,37,3/14/1987,9/24/2023 15:55,8/3/2017
1064, Deepak     , Patel       , deepak.patel@example.com          , +91 8765432123  , Male   ,30,9/2/1993,9/23/2023 9:00,11/11/2016
1065, Sushma     , Verma       , sushma.verma@example.com          , +91 9876543228  , Female ,35,7/7/1988,8/25/2023 7:15,8/29/2017
1066, Ankit      , Gupta       , ankit.gupta@example.com           , +91 7654321115  , Male   ,33,5/21/1990,9/24/2023 11:40,2/9/2018
1067, Shweta     , Singh       , shweta.singh@example.com          , +91 6543211001  , Female ,29,10/10/1994,9/22/2023 13:30,1/15/2017
1068, Manish     , Patel       , manish.patel@example.com          , +91 9876543229  , Male   ,32,2/3/1992,9/25/2023 14:25,6/5/2016
1069, Sunita     , Reddy       , sunita.reddy@example.com          , +91 7654321116  , Female ,34,12/15/1989,7/23/2023 8:30,2/14/2017
1070, Ashok      , Das         , ashok.das@example.com            , +91 8765432124  , Male   ,28,6/5/1995,9/24/2023 19:10,1/20/2016
1071, Ritu       , Sharma      , ritu.sharma@example.com           , +91 6543211002  , Female ,32,7/14/1991,9/22/2023 7:10,10/12/2017
1072, Ramesh     , Gupta       , ramesh.gupta@example.com          , +91 9876543230  , Female   ,27,11/27/1996,9/25/2023 9:50,12/18/2018
1073, Meera      , Reddy       , meera.reddy@example.com           , +91 7654321117  , Female ,37,2/18/1987,9/29/2023 14:45,7/5/2017
1074, Sanjay     , Patel       , sanjay.patel@example.com          , +91 8765432125  , Male   ,30,10/9/1993,9/23/2023 10:55,10/28/2016
1075, Kavita     , Verma       , kavita.verma@example.com          , +91 9876543231  , Female ,35,6/12/1988,9/25/2023 6:45,9/14/2017
1076, Anand      , Gupta       , anand.gupta@example.com           , +91 7654321118  , Female   ,34,4/5/1990,9/22/2023 12:20,1/25/2018
1077, Priya      , Singh       , priya.singh@example.com           , +91 6543211003  , Female ,29,9/30/1994,9/26/2023 13:20,2/28/2017
1078, Arvind     , Patel       , arvind.patel@example.com          , +91 9876543232  , Male   ,32,1/15/1992,9/25/2023 11:15,4/7/2016
1079, Deepika    , Reddy       , deepika.reddy@example.com         , +91 7654321119  , Female ,34,11/28/1989,9/20/2023 9:40,3/22/2017
1080, Rajeev     , Das         , rajeev.das@example.com            , +91 8765432126  , Male   ,29,3/19/1995,9/24/2023 18:55,5/10/2016
1081, Rakesh     , Sharma      , rakesh.sharma@example.com         , +91 6543211004  , Male   ,32,5/10/1991,9/22/2023 7:25,9/11/2017
1082, Nisha      , Gupta       , nisha.gupta@example.com           , +91 9876543233  , Female ,27,10/2/1996,9/5/2023 9:20,7/28/2018
1083, Karthik    , Reddy       , karthik.reddy@example.com         , +91 7654321120  , Female   ,36,5/15/1987,9/24/2023 14:35,5/19/2017
1084, Anjali     , Patel       , anjali.patel@example.com          , +91 8765432127  , Female ,30,11/22/1993,9/12/2023 22:30,9/9/2016
1085, Sumit      , Verma       , sumit.verma@example.com           , +91 9876543234  , Male   ,36,4/6/1988,9/25/2023 18:30,12/3/2017
1086, Poonam     , Gupta       , poonam.gupta@example.com          , +91 7654321121  , Female ,34,3/21/1990,9/21/2023 12:05,1/10/2018
1087, Ashok      , Singh       , ashok.singh@example.com           , +91 6543211005  , Male   ,29,8/10/1994,9/22/2023 13:10,3/21/2017
1088, Anu        , Patel       , anu.patel@example.com             , +91 9876543235  , Female ,32,2/25/1992,9/25/2023 13:55,3/17/2016
1089, Raghav     , Reddy       , raghav.reddy@example.com          , +91 7654321122  , Male   ,34,10/14/1989,9/23/2023 21:15,2/2/2017
1090, Pooja      , Das         , pooja.das@example.com            , +91 8765432128  , Female ,28,7/3/1995,9/6/2023 18:40,4/15/2016
1091, Kunal      , Sharma      , kunal.sharma@example.com           , +91 6543211006  , Male   ,32,8/27/1991,9/22/2023 19:35,9/1/2017
1092, Shruti     , Gupta       , shruti.gupta@example.com          , +91 9876543236  , Female ,27,6/18/1996,9/4/2023 21:05,7/12/2018
1093, Mohan      , Reddy       , mohan.reddy@example.com           , +91 7654321123  , Female   ,36,12/5/1987,9/10/2023 14:25,5/29/2017
1094, Nandini    , Patel       , nandini.patel@example.com         , +91 8765432129  , Female ,30,11/2/1993,9/15/2023 22:10,9/22/2016
1095, Rahul      , Verma       , rahul.verma@example.com           , +91 9876543237  , Male   ,36,3/14/1988,5/25/2023 18:15,12/19/2017
1096, Anjali     , Gupta       , anjali.gupta@example.com          , +91 7654321124  , Female ,33,5/30/1990,9/24/2023 13:55,1/22/2018
1097, Sanjay     , Singh       , sanjay.singh@example.com          , +91 6543211007  , Female   ,29,9/15/1994,9/22/2023 12:45,2/11/2017
1098, Meena      , Patel       , meena.patel@example.com           , +91 9876543238  , Female ,32,1/29/1992,5/25/2023 21:40,3/30/2016
1099, Karan      , Reddy       , karan.reddy@example.com           , +91 7654321125  , Male   ,34,12/22/1989,9/23/2023 21:05,2/17/2017
1100, Pooja      , Das         , pooja.das@example.com            , +91 8765432130  , Female ,29,3/10/1995,6/24/2023 18:10,4/28/2016
1101, Aditya     , Sharma      , aditya.sharma@example.com         , +91 6543211008  , Male   ,32,6/3/1991,9/22/2023 19:50,8/14/2017
1102, Maya       , Gupta       , maya.gupta@example.com            , +91 9876543239  , Female ,27,7/29/1996,9/25/2023 20:55,6/7/2018
1103, Vinod      , Reddy       , vinod.reddy@example.com           , +91 7654321126  , Male   ,37,4/12/1987,8/24/2023 14:05,5/2/2017
1104, Shalini    , Patel       , shalini.patel@example.com         , +91 8765432131  , Female ,30,11/8/1993,8/23/2023 11:45,9/15/2016
1105, Arjun      , Verma       , arjun.verma@example.com           , +91 9876543240  , Male   ,36,3/29/1988,8/25/2023 18:05,12/9/2017
1106, Kavita     , Gupta       , kavita.gupta@example.com          , +91 7654321127  , Female ,33,5/14/1990,8/24/2023 13:30,2/28/2018
1107, Ramesh     , Singh       , ramesh.singh@example.com          , +91 6543211009  , Male   ,29,8/20/1994,7/22/2023 12:30,1/4/2017
1108, Aarti      , Patel       , aarti.patel@example.com           , +91 9876543241  , Female ,32,2/12/1992,7/25/2023 22:25,3/8/2016
1109, Rohit      , Reddy       , rohit.reddy@example.com           , +91 7654321128  , Female   ,34,11/2/1989,7/23/2023 20:55,2/4/2017
1110, Nisha      , Das         , nisha.das@example.com             , +91 8765432132  , Female ,29,3/28/1995,7/20/2023 17:50,4/14/2016
